customer_id,age,gender,occupation,field,income_level,current_phone_brand,current_phone_model_year,,,,,,,,,,,,
1,35,Female,Employed,Marketing Specialist,Medium,Apple,2022,,,,,,,,,,,,
2,22,Male,Student,Computer Science,Low,Other Android,2020,,,,,,,,,,,,
3,48,Male,Employed,Software Engineer,High,Samsung,2023,,,,,,,,,,,,
4,29,Female,Freelancer,,Medium,Apple,2021,,,,,,,,,,,,
5,55,Female,Retired,,Low,Google,2019,,,,,,,,,,,,
6,41,Male,Employed,Teacher,Medium,Samsung,2022,,,,,,,,,,,,
7,20,Female,Student,Business,Low,Other Android,2020,,,,,,,,,,,,
8,33,Male,Employed,Data Scientist,High,Apple,2023,,,,,,,,,,,,
9,27,Female,Freelancer,,Medium,Samsung,2021,,,,,,,,,,,,
10,60,Male,Retired,,Low,Google,2019,,,,,,,,,,,,
11,38,Female,Employed,Accountant,Medium,Apple,2022,,,,,,,,,,,,
12,24,Male,Student,Engineering,Low,Other Android,2020,,,,,,,,,,,,
13,51,Male,Employed,IT Consultant,High,Samsung,2023,,,,,,,,,,,,
14,31,Female,Freelancer,,Medium,Apple,2021,,,,,,,,,,,,
15,58,Female,Retired,,Low,Google,2019,,,,,,,,,,,,
16,36,Male,Employed,Sales Manager,Medium,Samsung,2022,,,,,,,,,,,,
17,21,Female,Student,Healthcare,Low,Other Android,2020,,,,,,,,,,,,
18,49,Female,Employed,UX Designer,High,Apple,2023,,,,,,,,,,,,
19,30,Male,Freelancer,,Medium,Samsung,2021,,,,,,,,,,,,
20,62,Male,Retired,,Low,Google,2019,,,,,,,,,,,,
21,34,Female,Employed,Marketing Specialist,Medium,Apple,2022,,,,,,,,,,,,
22,23,Male,Student,Arts,Low,Other Android,2020,,,,,,,,,,,,
23,47,Male,Employed,Software Engineer,High,Samsung,2023,,,,,,,,,,,,
24,28,Female,Freelancer,,Medium,Apple,2021,,,,,,,,,,,,
25,56,Female,Retired,,Low,Google,2019,,,,,,,,,,,,
26,39,Male,Employed,Healthcare Professional,Medium,Samsung,2022,,,,,,,,,,,,
27,19,Female,Student,Computer Science,Low,Other Android,2020,,,,,,,,,,,,
28,50,Female,Employed,Data Scientist,High,Apple,2023,,,,,,,,,,,,
29,32,Male,Freelancer,,Medium,Samsung,2021,,,,,,,,,,,,
30,61,Male,Retired,,Low,Google,2019,,,,,,,,,,,,
31,37,Female,Employed,Teacher,Medium,Apple,2022,,,,,,,,,,,,
32,25,Male,Student,Business,Low,Other Android,2020,,,,,,,,,,,,
33,46,Male,Employed,IT Consultant,High,Samsung,2023,,,,,,,,,,,,
34,26,Female,Freelancer,,Medium,Apple,2021,,,,,,,,,,,,
35,57,Female,Retired,,Low,Google,2019,,,,,,,,,,,,
36,40,Male,Employed,Accountant,Medium,Samsung,2022,,,,,,,,,,,,
37,18,Female,Student,Engineering,Low,Other Android,2020,,,,,,,,,,,,
38,52,Female,Employed,UX Designer,High,Apple,2023,,,,,,,,,,,,
39,33,Male,Freelancer,,Medium,Samsung,2021,,,,,,,,,,,,
40,63,Male,Retired,,Low,Google,2019,,,,,,,,,,,,
41,35,Female,Employed,Sales Manager,Medium,Apple,2022,,,,,,,,,,,,
42,22,Male,Student,Healthcare,Low,Other Android,2020,,,,,,,,,,,,
43,48,Male,Employed,Software Engineer,High,Samsung,2023,,,,,,,,,,,,
44,29,Female,Freelancer,,Medium,Apple,2021,,,,,,,,,,,,
45,55,Female,Retired,,Low,Google,2019,,,,,,,,,,,,
46,41,Male,Employed,Marketing Specialist,Medium,Samsung,2022,,,,,,,,,,,,
47,20,Female,Student,Arts,Low,Other Android,2020,,,,,,,,,,,,
48,33,Male,Employed,Data Scientist,High,Apple,2023,,,,,,,,,,,,
49,27,Female,Freelancer,,Medium,Samsung,2021,,,,,,,,,,,,
50,60,Male,Retired,,Low,Google,2019,,,,,,,,,,,,
51,38,Female,Employed,Healthcare Professional,Medium,Apple,2022,,,,,,,,,,,,
52,24,Male,Student,Computer Science,Low,Other Android,2020,,,,,,,,,,,,
53,51,Male,Employed,IT Consultant,High,Samsung,2023,,,,,,,,,,,,
54,31,Female,Freelancer,,Medium,Apple,2021,,,,,,,,,,,,
55,58,Female,Retired,,Low,Google,2019,,,,,,,,,,,,
56,36,Male,Employed,Teacher,Medium,Samsung,2022,,,,,,,,,,,,
57,21,Female,Student,Business,Low,Other Android,2020,,,,,,,,,,,,
58,49,Female,Employed,UX Designer,High,Apple,2023,,,,,,,,,,,,
59,30,Male,Freelancer,,Medium,Samsung,2021,,,,,,,,,,,,
60,62,Male,Retired,,Low,Google,2019,,,,,,,,,,,,
61,34,Female,Employed,Accountant,Medium,Apple,2022,,,,,,,,,,,,
62,23,Male,Student,Engineering,Low,Other Android,2020,,,,,,,,,,,,
63,47,Male,Employed,Software Engineer,High,Samsung,2023,,,,,,,,,,,,
64,28,Female,Freelancer,,Medium,Apple,2021,,,,,,,,,,,,
65,56,Female,Retired,,Low,Google,2019,,,,,,,,,,,,
66,39,Male,Employed,Sales Manager,Medium,Samsung,2022,,,,,,,,,,,,
67,19,Female,Student,Healthcare,Low,Other Android,2020,,,,,,,,,,,,
68,50,Female,Employed,Data Scientist,High,Apple,2023,,,,,,,,,,,,
69,32,Male,Freelancer,,Medium,Samsung,2021,,,,,,,,,,,,
70,61,Male,Retired,,Low,Google,2019,,,,,,,,,,,,
71,37,Female,Employed,Marketing Specialist,Medium,Apple,2022,,,,,,,,,,,,
72,25,Male,Student,Arts,Low,Other Android,2020,,,,,,,,,,,,
73,46,Male,Employed,IT Consultant,High,Samsung,2023,,,,,,,,,,,,
74,26,Female,Freelancer,,Medium,Apple,2021,,,,,,,,,,,,
75,57,Female,Retired,,Low,Google,2019,,,,,,,,,,,,
76,40,Male,Employed,Healthcare Professional,Medium,Samsung,2022,,,,,,,,,,,,
77,18,Female,Student,Computer Science,Low,Other Android,2020,,,,,,,,,,,,
78,52,Female,Employed,Software Engineer,High,Apple,2023,,,,,,,,,,,,
79,33,Male,Freelancer,,Medium,Samsung,2021,,,,,,,,,,,,
80,63,Male,Retired,,Low,Google,2019,,,,,,,,,,,,
81,35,Female,Employed,Teacher,Medium,Apple,2022,,,,,,,,,,,,
82,22,Male,Student,Business,Low,Other Android,2020,,,,,,,,,,,,
83,48,Male,Employed,Data Scientist,High,Samsung,2023,,,,,,,,,,,,
84,29,Female,Freelancer,,Medium,Apple,2021,,,,,,,,,,,,
85,55,Female,Retired,,Low,Google,2019,,,,,,,,,,,,
86,41,Male,Employed,Accountant,Medium,Samsung,2022,,,,,,,,,,,,
87,20,Female,Student,Engineering,Low,Other Android,2020,,,,,,,,,,,,
88,33,Male,Employed,UX Designer,High,Apple,2023,,,,,,,,,,,,
89,27,Female,Freelancer,,Medium,Samsung,2021,,,,,,,,,,,,
90,60,Male,Retired,,Low,Google,2019,,,,,,,,,,,,
91,38,Female,Employed,Sales Manager,Medium,Apple,2022,,,,,,,,,,,,
92,24,Male,Student,Healthcare,Low,Other Android,2020,,,,,,,,,,,,
93,51,Male,Employed,Software Engineer,High,Samsung,2023,,,,,,,,,,,,
94,31,Female,Freelancer,,Medium,Apple,2021,,,,,,,,,,,,
95,58,Female,Retired,,Low,Google,2019,,,,,,,,,,,,
96,36,Male,Employed,Marketing Specialist,Medium,Samsung,2022,,,,,,,,,,,,
97,21,Female,Student,Arts,Low,Other Android,2020,,,,,,,,,,,,
98,49,Female,Employed,Data Scientist,High,Apple,2023,,,,,,,,,,,,
99,30,Male,Freelancer,,Medium,Samsung,2021,,,,,,,,,,,,
100,62,Male,Retired,,Low,Google,2019,,,,,,,,,,,,
101,34,Female,Employed,Healthcare Professional,Medium,Apple,2022,,,,,,,,,,,,
102,23,Male,Student,Computer Science,Low,Other Android,2020,,,,,,,,,,,,
103,47,Male,Employed,IT Consultant,High,Samsung,2023,,,,,,,,,,,,
104,28,Female,Freelancer,,Medium,Apple,2021,,,,,,,,,,,,
105,56,Female,Retired,,Low,Google,2019,,,,,,,,,,,,
106,39,Male,Employed,Teacher,Medium,Samsung,2022,,,,,,,,,,,,
107,19,Female,Student,Business,Low,Other Android,2020,,,,,,,,,,,,
108,50,Female,Employed,UX Designer,High,Apple,2023,,,,,,,,,,,,
109,32,Male,Freelancer,,Medium,Samsung,2021,,,,,,,,,,,,
110,61,Male,Retired,,Low,Google,2019,,,,,,,,,,,,
111,37,Female,Employed,Accountant,Medium,Apple,2022,,,,,,,,,,,,
112,25,Male,Student,Engineering,Low,Other Android,2020,,,,,,,,,,,,
113,46,Male,Employed,Software Engineer,High,Samsung,2023,,,,,,,,,,,,
114,26,Female,Freelancer,,Medium,Apple,2021,,,,,,,,,,,,
115,57,Female,Retired,,Low,Google,2019,,,,,,,,,,,,
116,40,Male,Employed,Sales Manager,Medium,Samsung,2022,,,,,,,,,,,,
117,18,Female,Student,Healthcare,Low,Other Android,2020,,,,,,,,,,,,
118,52,Female,Employed,Data Scientist,High,Apple,2023,,,,,,,,,,,,
119,33,Male,Freelancer,,Medium,Samsung,2021,,,,,,,,,,,,
120,63,Male,Retired,,Low,Google,2019,,,,,,,,,,,,
121,35,Female,Employed,Marketing Specialist,Medium,Apple,2022,,,,,,,,,,,,
122,22,Male,Student,Arts,Low,Other Android,2020,,,,,,,,,,,,
123,48,Male,Employed,IT Consultant,High,Samsung,2023,,,,,,,,,,,,
124,29,Female,Freelancer,,Medium,Apple,2021,,,,,,,,,,,,
125,55,Female,Retired,,Low,Google,2019,,,,,,,,,,,,
126,41,Male,Employed,Healthcare Professional,Medium,Samsung,2022,,,,,,,,,,,,
127,20,Female,Student,Computer Science,Low,Other Android,2020,,,,,,,,,,,,
128,33,Male,Employed,Software Engineer,High,Apple,2023,,,,,,,,,,,,
129,27,Female,Freelancer,,Medium,Samsung,2021,,,,,,,,,,,,
130,60,Male,Retired,,Low,Google,2019,,,,,,,,,,,,
131,38,Female,Employed,Teacher,Medium,Apple,2022,,,,,,,,,,,,
132,24,Male,Student,Business,Low,Other Android,2020,,,,,,,,,,,,
133,51,Male,Employed,UX Designer,High,Samsung,2023,,,,,,,,,,,,
134,31,Female,Freelancer,,Medium,Apple,2021,,,,,,,,,,,,
135,58,Female,Retired,,Low,Google,2019,,,,,,,,,,,,
136,36,Male,Employed,Accountant,Medium,Samsung,2022,,,,,,,,,,,,
137,21,Female,Student,Engineering,Low,Other Android,2020,,,,,,,,,,,,
138,49,Female,Employed,Data Scientist,High,Apple,2023,,,,,,,,,,,,
139,30,Male,Freelancer,,Medium,Samsung,2021,,,,,,,,,,,,
140,62,Male,Retired,,Low,Google,2019,,,,,,,,,,,,
141,34,Female,Employed,Sales Manager,Medium,Apple,2022,,,,,,,,,,,,
142,23,Male,Student,Healthcare,Low,Other Android,2020,,,,,,,,,,,,
143,47,Male,Employed,Software Engineer,High,Samsung,2023,,,,,,,,,,,,
144,28,Female,Freelancer,,Medium,Apple,2021,,,,,,,,,,,,
145,56,Female,Retired,,Low,Google,2019,,,,,,,,,,,,
146,39,Male,Employed,Marketing Specialist,Medium,Samsung,2022,,,,,,,,,,,,
147,19,Female,Student,Arts,Low,Other Android,2020,,,,,,,,,,,,
148,50,Female,Employed,IT Consultant,High,Apple,2023,,,,,,,,,,,,
149,32,Male,Freelancer,,Medium,Samsung,2021,,,,,,,,,,,,
150,61,Male,Retired,,Low,Google,2019,,,,,,,,,,,,
151,37,Female,Employed,Healthcare Professional,Medium,Apple,2022,,,,,,,,,,,,
152,25,Male,Student,Computer Science,Low,Other Android,2020,,,,,,,,,,,,
153,46,Male,Employed,Data Scientist,High,Samsung,2023,,,,,,,,,,,,
154,26,Female,Freelancer,,Medium,Apple,2021,,,,,,,,,,,,
155,57,Female,Retired,,Low,Google,2019,,,,,,,,,,,,
156,40,Male,Employed,Teacher,Medium,Samsung,2022,,,,,,,,,,,,
157,18,Female,Student,Business,Low,Other Android,2020,,,,,,,,,,,,
158,52,Female,Employed,UX Designer,High,Apple,2023,,,,,,,,,,,,
159,33,Male,Freelancer,,Medium,Samsung,2021,,,,,,,,,,,,
160,63,Male,Retired,,Low,Google,2019,,,,,,,,,,,,
161,35,Female,Employed,Accountant,Medium,Apple,2022,,,,,,,,,,,,
162,22,Male,Student,Engineering,Low,Other Android,2020,,,,,,,,,,,,
163,48,Male,Employed,Software Engineer,High,Samsung,2023,,,,,,,,,,,,
164,29,Female,Freelancer,,Medium,Apple,2021,,,,,,,,,,,,
165,55,Female,Retired,,Low,Google,2019,,,,,,,,,,,,
166,41,Male,Employed,Sales Manager,Medium,Samsung,2022,,,,,,,,,,,,
167,20,Female,Student,Healthcare,Low,Other Android,2020,,,,,,,,,,,,
168,33,Male,Employed,Data Scientist,High,Apple,2023,,,,,,,,,,,,
169,27,Female,Freelancer,,Medium,Samsung,2021,,,,,,,,,,,,
170,60,Male,Retired,,Low,Google,2019,,,,,,,,,,,,
171,38,Female,Employed,Marketing Specialist,Medium,Apple,2022,,,,,,,,,,,,
172,24,Male,Student,Arts,Low,Other Android,2020,,,,,,,,,,,,
173,51,Male,Employed,IT Consultant,High,Samsung,2023,,,,,,,,,,,,
174,31,Female,Freelancer,,Medium,Apple,2021,,,,,,,,,,,,
175,58,Female,Retired,,Low,Google,2019,,,,,,,,,,,,
176,36,Male,Employed,Healthcare Professional,Medium,Samsung,2022,,,,,,,,,,,,
177,21,Female,Student,Computer Science,Low,Other Android,2020,,,,,,,,,,,,
178,49,Female,Employed,Software Engineer,High,Apple,2023,,,,,,,,,,,,
179,30,Male,Freelancer,,Medium,Samsung,2021,,,,,,,,,,,,
180,62,Male,Retired,,Low,Google,2019,,,,,,,,,,,,
181,34,Female,Employed,Teacher,Medium,Apple,2022,,,,,,,,,,,,
182,23,Male,Student,Business,Low,Other Android,2020,,,,,,,,,,,,
183,47,Male,Employed,Data Scientist,High,Samsung,2023,,,,,,,,,,,,
184,28,Female,Freelancer,,Medium,Apple,2021,,,,,,,,,,,,
185,56,Female,Retired,,Low,Google,2019,,,,,,,,,,,,
186,39,Male,Employed,Accountant,Medium,Samsung,2022,,,,,,,,,,,,
187,19,Female,Student,Engineering,Low,Other Android,2020,,,,,,,,,,,,
188,50,Female,Employed,UX Designer,High,Apple,2023,,,,,,,,,,,,
189,32,Male,Freelancer,,Medium,Samsung,2021,,,,,,,,,,,,
190,61,Male,Retired,,Low,Google,2019,,,,,,,,,,,,
191,37,Female,Employed,Sales Manager,Medium,Apple,2022,,,,,,,,,,,,
192,25,Male,Student,Healthcare,Low,Other Android,2020,,,,,,,,,,,,
193,46,Male,Employed,Software Engineer,High,Samsung,2023,,,,,,,,,,,,
194,26,Female,Freelancer,,Medium,Apple,2021,,,,,,,,,,,,
195,57,Female,Retired,,Low,Google,2019,,,,,,,,,,,,
196,40,Male,Employed,Marketing Specialist,Medium,Samsung,2022,,,,,,,,,,,,
197,18,Female,Student,Arts,Low,Other Android,2020,,,,,,,,,,,,
198,52,Female,Employed,Data Scientist,High,Apple,2023,,,,,,,,,,,,
199,33,Male,Freelancer,,Medium,Samsung,2021,,,,,,,,,,,,
200,63,Male,Retired,,Low,Google,2019,,,,,,,,,,,,
201,35,Female,Employed,Healthcare Professional,Medium,Apple,2022,,,,,,,,,,,,
202,22,Male,Student,Computer Science,Low,Other Android,2020,,,,,,,,,,,,
203,48,Male,Employed,IT Consultant,High,Samsung,2023,,,,,,,,,,,,
204,29,Female,Freelancer,,Medium,Apple,2021,,,,,,,,,,,,
205,55,Female,Retired,,Low,Google,2019,,,,,,,,,,,,
206,41,Male,Employed,Teacher,Medium,Samsung,2022,,,,,,,,,,,,
207,20,Female,Student,Business,Low,Other Android,2020,,,,,,,,,,,,
208,33,Male,Employed,UX Designer,High,Apple,2023,,,,,,,,,,,,
209,27,Female,Freelancer,,Medium,Samsung,2021,,,,,,,,,,,,
210,60,Male,Retired,,Low,Google,2019,,,,,,,,,,,,
211,38,Female,Employed,Accountant,Medium,Apple,2022,,,,,,,,,,,,
212,24,Male,Student,Engineering,Low,Other Android,2020,,,,,,,,,,,,
213,51,Male,Employed,Software Engineer,High,Samsung,2023,,,,,,,,,,,,
214,31,Female,Freelancer,,Medium,Apple,2021,,,,,,,,,,,,
215,58,Female,Retired,,Low,Google,2019,,,,,,,,,,,,
216,36,Male,Employed,Sales Manager,Medium,Samsung,2022,,,,,,,,,,,,
217,21,Female,Student,Healthcare,Low,Other Android,2020,,,,,,,,,,,,
218,49,Female,Employed,Data Scientist,High,Apple,2023,,,,,,,,,,,,
219,30,Male,Freelancer,,Medium,Samsung,2021,,,,,,,,,,,,
220,62,Male,Retired,,Low,Google,2019,,,,,,,,,,,,
221,34,Female,Employed,Marketing Specialist,Medium,Apple,2022,,,,,,,,,,,,
222,23,Male,Student,Arts,Low,Other Android,2020,,,,,,,,,,,,
223,47,Male,Employed,IT Consultant,High,Samsung,2023,,,,,,,,,,,,
224,28,Female,Freelancer,,Medium,Apple,2021,,,,,,,,,,,,
225,56,Female,Retired,,Low,Google,2019,,,,,,,,,,,,
226,39,Male,Employed,Healthcare Professional,Medium,Samsung,2022,,,,,,,,,,,,
227,19,Female,Student,Computer Science,Low,Other Android,2020,,,,,,,,,,,,
228,50,Female,Employed,Software Engineer,High,Apple,2023,,,,,,,,,,,,
229,32,Male,Freelancer,,Medium,Samsung,2021,,,,,,,,,,,,
230,61,Male,Retired,,Low,Google,2019,,,,,,,,,,,,
231,37,Female,Employed,Teacher,Medium,Apple,2022,,,,,,,,,,,,
232,25,Male,Student,Business,Low,Other Android,2020,,,,,,,,,,,,
233,46,Male,Employed,Data Scientist,High,Samsung,2023,,,,,,,,,,,,
234,26,Female,Freelancer,,Medium,Apple,2021,,,,,,,,,,,,
235,57,Female,Retired,,Low,Google,2019,,,,,,,,,,,,
236,40,Male,Employed,Accountant,Medium,Samsung,2022,,,,,,,,,,,,
237,18,Female,Student,Engineering,Low,Other Android,2020,,,,,,,,,,,,
238,52,Female,Employed,UX Designer,High,Apple,2023,,,,,,,,,,,,
239,33,Male,Freelancer,,Medium,Samsung,2021,,,,,,,,,,,,
240,63,Male,Retired,,Low,Google,2019,,,,,,,,,,,,
241,35,Female,Employed,Sales Manager,Medium,Apple,2022,,,,,,,,,,,,
242,22,Male,Student,Healthcare,Low,Other Android,2020,,,,,,,,,,,,
243,48,Male,Employed,Software Engineer,High,Samsung,2023,,,,,,,,,,,,
244,29,Female,Freelancer,,Medium,Apple,2021,,,,,,,,,,,,
245,55,Female,Retired,,Low,Google,2019,,,,,,,,,,,,
246,41,Male,Employed,Marketing Specialist,Medium,Samsung,2022,,,,,,,,,,,,
247,20,Female,Student,Arts,Low,Other Android,2020,,,,,,,,,,,,
248,33,Male,Employed,Data Scientist,High,Apple,2023,,,,,,,,,,,,
249,27,Female,Freelancer,,Medium,Samsung,2021,,,,,,,,,,,,
250,60,Male,Retired,,Low,Google,2019,,,,,,,,,,,,
251,38,Female,Employed,Healthcare Professional,Medium,Apple,2022,,,,,,,,,,,,
252,24,Male,Student,Computer Science,Low,Other Android,2020,,,,,,,,,,,,
253,51,Male,Employed,IT Consultant,High,Samsung,2023,,,,,,,,,,,,
254,31,Female,Freelancer,,Medium,Apple,2021,,,,,,,,,,,,
255,58,Female,Retired,,Low,Google,2019,,,,,,,,,,,,
256,36,Male,Employed,Teacher,Medium,Samsung,2022,,,,,,,,,,,,
257,21,Female,Student,Business,Low,Other Android,2020,,,,,,,,,,,,
258,49,Female,Employed,UX Designer,High,Apple,2023,,,,,,,,,,,,
259,30,Male,Freelancer,,Medium,Samsung,2021,,,,,,,,,,,,
260,62,Male,Retired,,Low,Google,2019,,,,,,,,,,,,
261,34,Female,Employed,Accountant,Medium,Apple,2022,,,,,,,,,,,,
262,23,Male,Student,Engineering,Low,Other Android,2020,,,,,,,,,,,,
263,47,Male,Employed,Software Engineer,High,Samsung,2023,,,,,,,,,,,,
264,28,Female,Freelancer,,Medium,Apple,2021,,,,,,,,,,,,
265,56,Female,Retired,,Low,Google,2019,,,,,,,,,,,,
266,39,Male,Employed,Sales Manager,Medium,Samsung,2022,,,,,,,,,,,,
267,19,Female,Student,Healthcare,Low,Other Android,2020,,,,,,,,,,,,
268,50,Female,Employed,Data Scientist,High,Apple,2023,,,,,,,,,,,,
269,32,Male,Freelancer,,Medium,Samsung,2021,,,,,,,,,,,,
270,61,Male,Retired,,Low,Google,2019,,,,,,,,,,,,
271,37,Female,Employed,Marketing Specialist,Medium,Apple,2022,,,,,,,,,,,,
272,25,Male,Student,Arts,Low,Other Android,2020,,,,,,,,,,,,
273,46,Male,Employed,IT Consultant,High,Samsung,2023,,,,,,,,,,,,
274,26,Female,Freelancer,,Medium,Apple,2021,,,,,,,,,,,,
275,57,Female,Retired,,Low,Google,2019,,,,,,,,,,,,
276,40,Male,Employed,Healthcare Professional,Medium,Samsung,2022,,,,,,,,,,,,
277,18,Female,Student,Computer Science,Low,Other Android,2020,,,,,,,,,,,,
278,52,Female,Employed,Software Engineer,High,Apple,2023,,,,,,,,,,,,
279,33,Male,Freelancer,,Medium,Samsung,2021,,,,,,,,,,,,
280,63,Male,Retired,,Low,Google,2019,,,,,,,,,,,,
281,35,Female,Employed,Teacher,Medium,Apple,2022,,,,,,,,,,,,
282,22,Male,Student,Business,Low,Other Android,2020,,,,,,,,,,,,
283,48,Male,Employed,Data Scientist,High,Samsung,2023,,,,,,,,,,,,
284,29,Female,Freelancer,,Medium,Apple,2021,,,,,,,,,,,,
285,55,Female,Retired,,Low,Google,2019,,,,,,,,,,,,
286,41,Male,Employed,Accountant,Medium,Samsung,2022,,,,,,,,,,,,
287,20,Female,Student,Engineering,Low,Other Android,2020,,,,,,,,,,,,
288,33,Male,Employed,UX Designer,High,Apple,2023,,,,,,,,,,,,
289,27,Female,Freelancer,,Medium,Samsung,2021,,,,,,,,,,,,
290,60,Male,Retired,,Low,Google,2019,,,,,,,,,,,,
291,38,Female,Employed,Sales Manager,Medium,Apple,2022,,,,,,,,,,,,
292,24,Male,Student,Healthcare,Low,Other Android,2020,,,,,,,,,,,,
293,51,Male,Employed,Software Engineer,High,Samsung,2023,,,,,,,,,,,,
294,31,Female,Freelancer,,Medium,Apple,2021,,,,,,,,,,,,
295,58,Female,Retired,,Low,Google,2019,,,,,,,,,,,,
296,36,Male,Employed,Marketing Specialist,Medium,Samsung,2022,,,,,,,,,,,,
297,21,Female,Student,Arts,Low,Other Android,2020,,,,,,,,,,,,
298,49,Female,Employed,Data Scientist,High,Apple,2023,,,,,,,,,,,,
299,30,Male,Freelancer,,Medium,Samsung,2021,,,,,,,,,,,,
300,62,Male,Retired,,Low,Google,2019,,,,,,,,,,,,
301,34,Female,Employed,Healthcare Professional,Medium,Apple,2022,,,,,,,,,,,,
302,23,Male,Student,Computer Science,Low,Other Android,2020,,,,,,,,,,,,
303,47,Male,Employed,IT Consultant,High,Samsung,2023,,,,,,,,,,,,
304,28,Female,Freelancer,,Medium,Apple,2021,,,,,,,,,,,,
305,56,Female,Retired,,Low,Google,2019,,,,,,,,,,,,
306,39,Male,Employed,Teacher,Medium,Samsung,2022,,,,,,,,,,,,
307,19,Female,Student,Business,Low,Other Android,2020,,,,,,,,,,,,
308,50,Female,Employed,UX Designer,High,Apple,2023,,,,,,,,,,,,
309,32,Male,Freelancer,,Medium,Samsung,2021,,,,,,,,,,,,
310,61,Male,Retired,,Low,Google,2019,,,,,,,,,,,,
311,37,Female,Employed,Accountant,Medium,Apple,2022,,,,,,,,,,,,
312,25,Male,Student,Engineering,Low,Other Android,2020,,,,,,,,,,,,
313,46,Male,Employed,Software Engineer,High,Samsung,2023,,,,,,,,,,,,
314,26,Female,Freelancer,,Medium,Apple,2021,,,,,,,,,,,,
315,57,Female,Retired,,Low,Google,2019,,,,,,,,,,,,
316,40,Male,Employed,Sales Manager,Medium,Samsung,2022,,,,,,,,,,,,
317,18,Female,Student,Healthcare,Low,Other Android,2020,,,,,,,,,,,,
318,52,Female,Employed,Data Scientist,High,Apple,2023,,,,,,,,,,,,
319,33,Male,Freelancer,,Medium,Samsung,2021,,,,,,,,,,,,
320,63,Male,Retired,,Low,Google,2019,,,,,,,,,,,,
321,35,Female,Employed,Marketing Specialist,Medium,Apple,2022,,,,,,,,,,,,
322,22,Male,Student,Arts,Low,Other Android,2020,,,,,,,,,,,,
323,48,Male,Employed,IT Consultant,High,Samsung,2023,,,,,,,,,,,,
324,29,Female,Freelancer,,Medium,Apple,2021,,,,,,,,,,,,
325,55,Female,Retired,,Low,Google,2019,,,,,,,,,,,,
326,41,Male,Employed,Healthcare Professional,Medium,Samsung,2022,,,,,,,,,,,,
327,20,Female,Student,Computer Science,Low,Other Android,2020,,,,,,,,,,,,
328,33,Male,Employed,Software Engineer,High,Apple,2023,,,,,,,,,,,,
329,27,Female,Freelancer,,Medium,Samsung,2021,,,,,,,,,,,,
330,60,Male,Retired,,Low,Google,2019,,,,,,,,,,,,
331,38,Female,Employed,Teacher,Medium,Apple,2022,,,,,,,,,,,,
332,24,Male,Student,Business,Low,Other Android,2020,,,,,,,,,,,,
333,51,Male,Employed,Data Scientist,High,Samsung,2023,,,,,,,,,,,,
334,31,Female,Freelancer,,Medium,Apple,2021,,,,,,,,,,,,
335,58,Female,Retired,,Low,Google,2019,,,,,,,,,,,,
336,36,Male,Employed,Accountant,Medium,Samsung,2022,,,,,,,,,,,,
337,21,Female,Student,Engineering,Low,Other Android,2020,,,,,,,,,,,,
338,49,Female,Employed,UX Designer,High,Apple,2023,,,,,,,,,,,,
339,30,Male,Freelancer,,Medium,Samsung,2021,,,,,,,,,,,,
340,62,Male,Retired,,Low,Google,2019,,,,,,,,,,,,
341,34,Female,Employed,Sales Manager,Medium,Apple,2022,,,,,,,,,,,,
342,23,Male,Student,Healthcare,Low,Other Android,2020,,,,,,,,,,,,
343,47,Male,Employed,Software Engineer,High,Samsung,2023,,,,,,,,,,,,
344,28,Female,Freelancer,,Medium,Apple,2021,,,,,,,,,,,,
345,56,Female,Retired,,Low,Google,2019,,,,,,,,,,,,
346,39,Male,Employed,Marketing Specialist,Medium,Samsung,2022,,,,,,,,,,,,
347,19,Female,Student,Arts,Low,Other Android,2020,,,,,,,,,,,,
348,50,Female,Employed,IT Consultant,High,Apple,2023,,,,,,,,,,,,
349,32,Male,Freelancer,,Medium,Samsung,2021,,,,,,,,,,,,
350,61,Male,Retired,,Low,Google,2019,,,,,,,,,,,,
351,37,Female,Employed,Healthcare Professional,Medium,Apple,2022,,,,,,,,,,,,
352,25,Male,Student,Computer Science,Low,Other Android,2020,,,,,,,,,,,,
353,46,Male,Employed,Data Scientist,High,Samsung,2023,,,,,,,,,,,,
354,26,Female,Freelancer,,Medium,Apple,2021,,,,,,,,,,,,
355,57,Female,Retired,,Low,Google,2019,,,,,,,,,,,,
356,40,Male,Employed,Teacher,Medium,Samsung,2022,,,,,,,,,,,,
357,18,Female,Student,Business,Low,Other Android,2020,,,,,,,,,,,,
358,52,Female,Employed,UX Designer,High,Apple,2023,,,,,,,,,,,,
359,33,Male,Freelancer,,Medium,Samsung,2021,,,,,,,,,,,,
360,63,Male,Retired,,Low,Google,2019,,,,,,,,,,,,
361,35,Female,Employed,Accountant,Medium,Apple,2022,,,,,,,,,,,,
362,22,Male,Student,Engineering,Low,Other Android,2020,,,,,,,,,,,,
363,48,Male,Employed,Software Engineer,High,Samsung,2023,,,,,,,,,,,,
364,29,Female,Freelancer,,Medium,Apple,2021,,,,,,,,,,,,
365,55,Female,Retired,,Low,Google,2019,,,,,,,,,,,,
366,41,Male,Employed,Sales Manager,Medium,Samsung,2022,,,,,,,,,,,,
367,20,Female,Student,Healthcare,Low,Other Android,2020,,,,,,,,,,,,
368,33,Male,Employed,Data Scientist,High,Apple,2023,,,,,,,,,,,,
369,27,Female,Freelancer,,Medium,Samsung,2021,,,,,,,,,,,,
370,60,Male,Retired,,Low,Google,2019,,,,,,,,,,,,
371,38,Female,Employed,Marketing Specialist,Medium,Apple,2022,,,,,,,,,,,,
372,24,Male,Student,Arts,Low,Other Android,2020,,,,,,,,,,,,
373,51,Male,Employed,IT Consultant,High,Samsung,2023,,,,,,,,,,,,
374,31,Female,Freelancer,,Medium,Apple,2021,,,,,,,,,,,,
375,58,Female,Retired,,Low,Google,2019,,,,,,,,,,,,
376,36,Male,Employed,Healthcare Professional,Medium,Samsung,2022,,,,,,,,,,,,
377,21,Female,Student,Computer Science,Low,Other Android,2020,,,,,,,,,,,,
378,49,Female,Employed,Software Engineer,High,Apple,2023,,,,,,,,,,,,
379,30,Male,Freelancer,,Medium,Samsung,2021,,,,,,,,,,,,
380,62,Male,Retired,,Low,Google,2019,,,,,,,,,,,,
381,34,Female,Employed,Teacher,Medium,Apple,2022,,,,,,,,,,,,
382,23,Male,Student,Business,Low,Other Android,2020,,,,,,,,,,,,
383,47,Male,Employed,Data Scientist,High,Samsung,2023,,,,,,,,,,,,
384,28,Female,Freelancer,,Medium,Apple,2021,,,,,,,,,,,,
385,56,Female,Retired,,Low,Google,2019,,,,,,,,,,,,
386,39,Male,Employed,Accountant,Medium,Samsung,2022,,,,,,,,,,,,
387,19,Female,Student,Engineering,Low,Other Android,2020,,,,,,,,,,,,
388,50,Female,Employed,UX Designer,High,Apple,2023,,,,,,,,,,,,
389,32,Male,Freelancer,,Medium,Samsung,2021,,,,,,,,,,,,
390,61,Male,Retired,,Low,Google,2019,,,,,,,,,,,,
391,37,Female,Employed,Sales Manager,Medium,Apple,2022,,,,,,,,,,,,
392,25,Male,Student,Healthcare,Low,Other Android,2020,,,,,,,,,,,,
393,46,Male,Employed,Software Engineer,High,Samsung,2023,,,,,,,,,,,,
394,26,Female,Freelancer,,Medium,Apple,2021,,,,,,,,,,,,
395,57,Female,Retired,,Low,Google,2019,,,,,,,,,,,,
396,40,Male,Employed,Marketing Specialist,Medium,Samsung,2022,,,,,,,,,,,,
397,18,Female,Student,Arts,Low,Other Android,2020,,,,,,,,,,,,
398,52,Female,Employed,Data Scientist,High,Apple,2023,,,,,,,,,,,,
399,33,Male,Freelancer,,Medium,Samsung,2021,,,,,,,,,,,,
400,63,Male,Retired,,Low,Google,2019,,,,,,,,,,,,
401,35,Female,Employed,Healthcare Professional,Medium,Apple,2022,,,,,,,,,,,,
402,22,Male,Student,Computer Science,Low,Other Android,2020,,,,,,,,,,,,
403,48,Male,Employed,IT Consultant,High,Samsung,2023,,,,,,,,,,,,
404,29,Female,Freelancer,,Medium,Apple,2021,,,,,,,,,,,,
405,55,Female,Retired,,Low,Google,2019,,,,,,,,,,,,
406,41,Male,Employed,Teacher,Medium,Samsung,2022,,,,,,,,,,,,
407,20,Female,Student,Business,Low,Other Android,2020,,,,,,,,,,,,
408,33,Male,Employed,UX Designer,High,Apple,2023,,,,,,,,,,,,
409,27,Female,Freelancer,,Medium,Samsung,2021,,,,,,,,,,,,
410,60,Male,Retired,,Low,Google,2019,,,,,,,,,,,,
411,38,Female,Employed,Accountant,Medium,Apple,2022,,,,,,,,,,,,
412,24,Male,Student,Engineering,Low,Other Android,2020,,,,,,,,,,,,
413,51,Male,Employed,Software Engineer,High,Samsung,2023,,,,,,,,,,,,
414,31,Female,Freelancer,,Medium,Apple,2021,,,,,,,,,,,,
415,58,Female,Retired,,Low,Google,2019,,,,,,,,,,,,
416,36,Male,Employed,Sales Manager,Medium,Samsung,2022,,,,,,,,,,,,
417,21,Female,Student,Healthcare,Low,Other Android,2020,,,,,,,,,,,,
418,49,Female,Employed,Data Scientist,High,Apple,2023,,,,,,,,,,,,
419,30,Male,Freelancer,,Medium,Samsung,2021,,,,,,,,,,,,
420,62,Male,Retired,,Low,Google,2019,,,,,,,,,,,,
421,34,Female,Employed,Marketing Specialist,Medium,Apple,2022,,,,,,,,,,,,
422,23,Male,Student,Arts,Low,Other Android,2020,,,,,,,,,,,,
423,47,Male,Employed,IT Consultant,High,Samsung,2023,,,,,,,,,,,,
424,28,Female,Freelancer,,Medium,Apple,2021,,,,,,,,,,,,
425,56,Female,Retired,,Low,Google,2019,,,,,,,,,,,,
426,39,Male,Employed,Healthcare Professional,Medium,Samsung,2022,,,,,,,,,,,,
427,19,Female,Student,Computer Science,Low,Other Android,2020,,,,,,,,,,,,
428,50,Female,Employed,Software Engineer,High,Apple,2023,,,,,,,,,,,,
429,32,Male,Freelancer,,Medium,Samsung,2021,,,,,,,,,,,,
430,61,Male,Retired,,Low,Google,2019,,,,,,,,,,,,
431,37,Female,Employed,Teacher,Medium,Apple,2022,,,,,,,,,,,,
432,25,Male,Student,Business,Low,Other Android,2020,,,,,,,,,,,,
433,46,Male,Employed,Data Scientist,High,Samsung,2023,,,,,,,,,,,,
434,26,Female,Freelancer,,Medium,Apple,2021,,,,,,,,,,,,
435,57,Female,Retired,,Low,Google,2019,,,,,,,,,,,,
436,40,Male,Employed,Accountant,Medium,Samsung,2022,,,,,,,,,,,,
437,18,Female,Student,Engineering,Low,Other Android,2020,,,,,,,,,,,,
438,52,Female,Employed,UX Designer,High,Apple,2023,,,,,,,,,,,,
439,33,Male,Freelancer,,Medium,Samsung,2021,,,,,,,,,,,,
440,63,Male,Retired,,Low,Google,2019,,,,,,,,,,,,
441,35,Female,Employed,Sales Manager,Medium,Apple,2022,,,,,,,,,,,,
442,22,Male,Student,Healthcare,Low,Other Android,2020,,,,,,,,,,,,
443,48,Male,Employed,Software Engineer,High,Samsung,2023,,,,,,,,,,,,
444,29,Female,Freelancer,,Medium,Apple,2021,,,,,,,,,,,,
445,55,Female,Retired,,Low,Google,2019,,,,,,,,,,,,
446,41,Male,Employed,Marketing Specialist,Medium,Samsung,2022,,,,,,,,,,,,
447,20,Female,Student,Arts,Low,Other Android,2020,,,,,,,,,,,,
448,33,Male,Employed,Data Scientist,High,Apple,2023,,,,,,,,,,,,
449,27,Female,Freelancer,,Medium,Samsung,2021,,,,,,,,,,,,
450,60,Male,Retired,,Low,Google,2019,,,,,,,,,,,,
451,38,Female,Employed,Healthcare Professional,Medium,Apple,2022,,,,,,,,,,,,
452,24,Male,Student,Computer Science,Low,Other Android,2020,,,,,,,,,,,,
453,51,Male,Employed,IT Consultant,High,Samsung,2023,,,,,,,,,,,,
454,31,Female,Freelancer,,Medium,Apple,2021,,,,,,,,,,,,
455,58,Female,Retired,,Low,Google,2019,,,,,,,,,,,,
456,36,Male,Employed,Teacher,Medium,Samsung,2022,,,,,,,,,,,,
457,21,Female,Student,Business,Low,Other Android,2020,,,,,,,,,,,,
458,49,Female,Employed,UX Designer,High,Apple,2023,,,,,,,,,,,,
459,30,Male,Freelancer,,Medium,Samsung,2021,,,,,,,,,,,,
460,62,Male,Retired,,Low,Google,2019,,,,,,,,,,,,
461,34,Female,Employed,Accountant,Medium,Apple,2022,,,,,,,,,,,,
462,23,Male,Student,Engineering,Low,Other Android,2020,,,,,,,,,,,,
463,47,Male,Employed,Software Engineer,High,Samsung,2023,,,,,,,,,,,,
464,28,Female,Freelancer,,Medium,Apple,2021,,,,,,,,,,,,
465,56,Female,Retired,,Low,Google,2019,,,,,,,,,,,,
466,39,Male,Employed,Sales Manager,Medium,Samsung,2022,,,,,,,,,,,,
467,19,Female,Student,Healthcare,Low,Other Android,2020,,,,,,,,,,,,
468,50,Female,Employed,Data Scientist,High,Apple,2023,,,,,,,,,,,,
469,32,Male,Freelancer,,Medium,Samsung,2021,,,,,,,,,,,,
470,61,Male,Retired,,Low,Google,2019,,,,,,,,,,,,
471,37,Female,Employed,Marketing Specialist,Medium,Apple,2022,,,,,,,,,,,,
472,25,Male,Student,Arts,Low,Other Android,2020,,,,,,,,,,,,
473,46,Male,Employed,IT Consultant,High,Samsung,2023,,,,,,,,,,,,
474,26,Female,Freelancer,,Medium,Apple,2021,,,,,,,,,,,,
475,57,Female,Retired,,Low,Google,2019,,,,,,,,,,,,
476,40,Male,Employed,Healthcare Professional,Medium,Samsung,2022,,,,,,,,,,,,
477,18,Female,Student,Computer Science,Low,Other Android,2020,,,,,,,,,,,,
478,52,Female,Employed,Software Engineer,High,Apple,2023,,,,,,,,,,,,
479,33,Male,Freelancer,,Medium,Samsung,2021,,,,,,,,,,,,
480,63,Male,Retired,,Low,Google,2019,,,,,,,,,,,,
481,35,Female,Employed,Teacher,Medium,Apple,2022,,,,,,,,,,,,
482,22,Male,Student,Business,Low,Other Android,2020,,,,,,,,,,,,
483,48,Male,Employed,Data Scientist,High,Samsung,2023,,,,,,,,,,,,
484,29,Female,Freelancer,,Medium,Apple,2021,,,,,,,,,,,,
485,55,Female,Retired,,Low,Google,2019,,,,,,,,,,,,
486,41,Male,Employed,Accountant,Medium,Samsung,2022,,,,,,,,,,,,
487,20,Female,Student,Engineering,Low,Other Android,2020,,,,,,,,,,,,
488,33,Male,Employed,UX Designer,High,Apple,2023,,,,,,,,,,,,
489,27,Female,Freelancer,,Medium,Samsung,2021,,,,,,,,,,,,
490,60,Male,Retired,,Low,Google,2019,,,,,,,,,,,,
491,38,Female,Employed,Sales Manager,Medium,Apple,2022,,,,,,,,,,,,
492,24,Male,Student,Healthcare,Low,Other Android,2020,,,,,,,,,,,,
493,51,Male,Employed,Software Engineer,High,Samsung,2023,,,,,,,,,,,,
494,31,Female,Freelancer,,Medium,Apple,2021,,,,,,,,,,,,
495,58,Female,Retired,,Low,Google,2019,,,,,,,,,,,,
496,36,Male,Employed,Marketing Specialist,Medium,Samsung,2022,,,,,,,,,,,,
497,21,Female,Student,Arts,Low,Other Android,2020,,,,,,,,,,,,
498,49,Female,Employed,Data Scientist,High,Apple,2023,,,,,,,,,,,,
499,30,Male,Freelancer,,Medium,Samsung,2021,,,,,,,,,,,,
500,62,Male,Retired,,Low,Google,2019,,,,,,,,,,,,
